Workbook

Sheet Движение товаров
A1: ID | B1: Дата | C1: ID магазина | D1: Артикул | E1: Тип операции | F1: Количество | G1: Название | H1: высота | I1: город | J1: цена | K1: стоимость
A2: 1 | B2: 45751 | C2: M1 | D2: irlen_160925 | E2: Поступление | F2: 3 | G2: =VLOOKUP(D2,Товары!A:I,3,0) -> Пенал напол. Леон Риф 400 солярис/белый риф 2 двери + 1 ящик | H2: =VLOOKUP(D2,Товары!A:I,6,0) -> 190 | I2: =VLOOKUP(C2,Магазины!A:C,3,0) -> Оренбург | J2: =VLOOKUP(D2,Товары!A:I,4,0) -> 14490 | K2: =J2*F2 -> 43470
A3: 2 | B3: 45753 | C3: M19 | D3: irlen_170332 | E3: Поступление | F3: 1 | G3: =VLOOKUP(D3,Товары!A:I,3,0) -> Тумба с раковиной навес. Альба 700 антрацит 1 ящик с умыв. Слим | H3: =VLOOKUP(D3,Товары!A:I,6,0) -> 45 | I3: =VLOOKUP(C3,Магазины!A:C,3,0) -> Кемерово | J3: =VLOOKUP(D3,Товары!A:I,4,0) -> 20130 | K3: =J3*F3 -> 20130
A4: 3 | B4: 45751 | C4: M9 | D4: irlen_160962 | E4: Продажа | F4: 1 | G4: =VLOOKUP(D4,Товары!A:I,3,0) -> Тумба с раковиной напол. Сохо 700 белый 2 двери с умыв. Слим | H4: =VLOOKUP(D4,Товары!A:I,6,0) -> 85 | I4: =VLOOKUP(C4,Магазины!A:C,3,0) -> Кемерово | J4: =VLOOKUP(D4,Товары!A:I,4,0) -> 17160 | K4: =J4*F4 -> 17160
A5: 4 | B5: 45749 | C5: M13 | D5: irlen_160952 | E5: Продажа | F5: 3 | G5: =VLOOKUP(D5,Товары!A:I,3,0) -> Зеркальный шкаф Кристалл 60 со светильником правый, ручка кнопка дуб цвет Шато Азур | H5: =VLOOKUP(D5,Товары!A:I,6,0) -> 75 | I5: =VLOOKUP(C5,Магазины!A:C,3,0) -> Оренбург | J5: =VLOOKUP(D5,Товары!A:I,4,0) -> 9195 | K5: =J5*F5 -> 27585
A6: 5 | B6: 45753 | C6: M7 | D6: irlen_170330 | E6: Поступление | F6: 2 | G6: =VLOOKUP(D6,Товары!A:I,3,0) -> Тумба с раковиной навес. Альба 800 антрацит 1 ящик с умыв. Слим | H6: =VLOOKUP(D6,Товары!A:I,6,0) -> 45 | I6: =VLOOKUP(C6,Магазины!A:C,3,0) -> Оренбург | J6: =VLOOKUP(D6,Товары!A:I,4,0) -> 21630 | K6: =J6*F6 -> 43260
A7: 6 | B7: 45755 | C7: M11 | D7: irlen_170368 | E7: Поступление | F7: 1 | G7: =VLOOKUP(D7,Товары!A:I,3,0) -> Тумба с раковиной навес. Леон 800 оникс 2 ящика с умыв. Слим | H7: =VLOOKUP(D7,Товары!A:I,6,0) -> 60 | I7: =VLOOKUP(C7,Магазины!A:C,3,0) -> Набережные Челны | J7: =VLOOKUP(D7,Товары!A:I,4,0) -> 27930 | K7: =J7*F7 -> 27930
A8: 7 | B8: 45748 | C8: M8 | D8: irlen_160554 | E8: Поступление | F8: 2 | G8: =VLOOKUP(D8,Товары!A:I,3,0) -> Зеркальный шкаф Рица 60 со светильником правый цвет cерый/керамика | H8: =VLOOKUP(D8,Товары!A:I,6,0) -> 75 | I8: =VLOOKUP(C8,Магазины!A:C,3,0) -> Оренбург | J8: =VLOOKUP(D8,Товары!A:I,4,0) -> 8910 | K8: =J8*F8 -> 17820
A9: 8 | B9: 45748 | C9: M5 | D9: irlen_170253 | E9: Поступление | F9: 3 | G9: =VLOOKUP(D9,Товары!A:I,3,0) -> Тумба с раковиной напол. Альба 800 антрацит 2 ящика с умыв. Слим | H9: =VLOOKUP(D9,Товары!A:I,6,0) -> 80 | I9: =VLOOKUP(C9,Магазины!A:C,3,0) -> Кемерово | J9: =VLOOKUP(D9,Товары!A:I,4,0) -> 29340 | K9: =J9*F9 -> 88020
A10: 9 | B10: 45755 | C10: M13 | D10: irlen_170358 | E10: Поступление | F10: 2 | G10: =VLOOKUP(D10,Товары!A:I,3,0) -> Тумба с раковиной напол. Леон 600 форест 2 ящика с умыв. Слим | H10: =VLOOKUP(D10,Товары!A:I,6,0) -> 80 | I10: =VLOOKUP(C10,Магазины!A:C,3,0) -> Оренбург | J10: =VLOOKUP(D10,Товары!A:I,4,0) -> 27150 | K10: =J10*F10 -> 54300
A11: 10 | B11: 45755 | C11: M9 | D11: irlen_160902 | E11: Поступление | F11: 1 | G11: =VLOOKUP(D11,Товары!A:I,3,0) -> Пенал напол. Леон 400 оникс 2 двери + 1 ящик | H11: =VLOOKUP(D11,Товары!A:I,6,0) -> 190 | I11: =VLOOKUP(C11,Магазины!A:C,3,0) -> Кемерово | J11: =VLOOKUP(D11,Товары!A:I,4,0) -> 18450 | K11: =J11*F11 -> 18450
A12: 11 | B12: 45749 | C12: M23 | D12: irlen_170382 | E12: Продажа | F12: 2 | G12: =VLOOKUP(D12,Товары!A:I,3,0) -> Тумба с раковиной навес. Виктория 800 белый 2 ящика с умыв. Слим | H12: =VLOOKUP(D12,Товары!A:I,6,0) -> 60 | I12: =VLOOKUP(C12,Магазины!A:C,3,0) -> Оренбург | J12: =VLOOKUP(D12,Товары!A:I,4,0) -> 25290 | K12: =J12*F12 -> 50580
A13: 12 | B13: 45748 | C13: M10 | D13: irlen_170273 | E13: Поступление | F13: 3 | G13: =VLOOKUP(D13,Товары!A:I,3,0) -> Тумба с раковиной напол. Леон Риф 600 солярис/белый риф 2 ящика с умыв. Океан | H13: =VLOOKUP(D13,Товары!A:I,6,0) -> 80 | I13: =VLOOKUP(C13,Магазины!A:C,3,0) -> Набережные Челны | J13: =VLOOKUP(D13,Товары!A:I,4,0) -> 24150 | K13: =J13*F13 -> 72450
... A2580: 2579 | B2580: 45753 | C2580: M13 | D2580: irlen_160608 | E2580: Поступление | F2580: 2 | G2580: =VLOOKUP(D2580,Товары!A:I,3,0) -> Зеркальный шкаф Рица 80 со светильником правый цвет cерый/керамика | H2580: =VLOOKUP(D2580,Товары!A:I,6,0) -> 75 | I2580: =VLOOKUP(C2580,Магазины!A:C,3,0) -> Оренбург | J2580: =VLOOKUP(D2580,Товары!A:I,4,0) -> 9930 | K2580: =J2580*F2580 -> 19860
A2581: 2580 | B2581: 45753 | C2581: M14 | D2581: irlen_170224 | E2581: Продажа | F2581: 2 | G2581: =VLOOKUP(D2581,Товары!A:I,3,0) -> Пенал навес. Куба Риф 350 белый 2 двери | H2581: =VLOOKUP(D2581,Товары!A:I,6,0) -> 150 | I2581: =VLOOKUP(C2581,Магазины!A:C,3,0) -> Кемерово | J2581: =VLOOKUP(D2581,Товары!A:I,4,0) -> 9720 | K2581: =J2581*F2581 -> 19440 | L2581: 384660
A2582: 2581 | B2582: 45750 | C2582: M10 | D2582: irlen_170255 | E2582: Продажа | F2582: 2 | G2582: =VLOOKUP(D2582,Товары!A:I,3,0) -> Тумба с раковиной навес. Альба 600 мята 2 ящика с умыв. Океан | H2582: =VLOOKUP(D2582,Товары!A:I,6,0) -> 50 | I2582: =VLOOKUP(C2582,Магазины!A:C,3,0) -> Набережные Челны | J2582: =VLOOKUP(D2582,Товары!A:I,4,0) -> 24810 | K2582: =J2582*F2582 -> 49620
A2583: 2582 | B2583: 45751 | C2583: M18 | D2583: irlen_141542 | E2583: Поступление | F2583: 2 | G2583: =VLOOKUP(D2583,Товары!A:I,3,0) -> Зеркало Нева 60 дуб/белый со светильником | H2583: =VLOOKUP(D2583,Товары!A:I,6,0) -> 80 | I2583: =VLOOKUP(C2583,Магазины!A:C,3,0) -> Кемерово | J2583: =VLOOKUP(D2583,Товары!A:I,4,0) -> 5100 | K2583: =J2583*F2583 -> 10200
A2584: 2583 | B2584: 45752 | C2584: M10 | D2584: irlen_170273 | E2584: Продажа | F2584: 3 | G2584: =VLOOKUP(D2584,Товары!A:I,3,0) -> Тумба с раковиной напол. Леон Риф 600 солярис/белый риф 2 ящика с умыв. Океан | H2584: =VLOOKUP(D2584,Товары!A:I,6,0) -> 80 | I2584: =VLOOKUP(C2584,Магазины!A:C,3,0) -> Набережные Челны | J2584: =VLOOKUP(D2584,Товары!A:I,4,0) -> 24150 | K2584: =J2584*F2584 -> 72450
A2585: 2584 | B2585: 45751 | C2585: M8 | D2585: irlen_15474 | E2585: Продажа | F2585: 1 | G2585: =VLOOKUP(D2585,Товары!A:I,3,0) -> Пенал напол. Аква 450 белый 2 двери + 2 ящика + корзина | H2585: =VLOOKUP(D2585,Товары!A:I,6,0) -> 190 | I2585: =VLOOKUP(C2585,Магазины!A:C,3,0) -> Оренбург | J2585: =VLOOKUP(D2585,Товары!A:I,4,0) -> 13335 | K2585: =J2585*F2585 -> 13335
A2586: 2585 | B2586: 45749 | C2586: M20 | D2586: irlen_160925 | E2586: Поступление | F2586: 2 | G2586: =VLOOKUP(D2586,Товары!A:I,3,0) -> Пенал напол. Леон Риф 400 солярис/белый риф 2 двери + 1 ящик | H2586: =VLOOKUP(D2586,Товары!A:I,6,0) -> 190 | I2586: =VLOOKUP(C2586,Магазины!A:C,3,0) -> Ставрополь | J2586: =VLOOKUP(D2586,Товары!A:I,4,0) -> 14490 | K2586: =J2586*F2586 -> 28980
A2587: 2586 | B2587: 45751 | C2587: M13 | D2587: irlen_170015 | E2587: Поступление | F2587: 1 | G2587: =VLOOKUP(D2587,Товары!A:I,3,0) -> Тумба с раковиной напол. Кристалл 700 шато азур 2 ящика с умыв. Слим | H2587: =VLOOKUP(D2587,Товары!A:I,6,0) -> 85 | I2587: =VLOOKUP(C2587,Магазины!A:C,3,0) -> Оренбург | J2587: =VLOOKUP(D2587,Товары!A:I,4,0) -> 29910 | K2587: =J2587*F2587 -> 29910
A2588: 2587 | B2588: 45748 | C2588: M23 | D2588: irlen_170333 | E2588: Продажа | F2588: 1 | G2588: =VLOOKUP(D2588,Товары!A:I,3,0) -> Тумба с раковиной навес. Альба 800 мята 1 ящик с умыв. Слим | H2588: =VLOOKUP(D2588,Товары!A:I,6,0) -> 45 | I2588: =VLOOKUP(C2588,Магазины!A:C,3,0) -> Оренбург | J2588: =VLOOKUP(D2588,Товары!A:I,4,0) -> 21630 | K2588: =J2588*F2588 -> 21630
A2589: 2588 | B2589: 45751 | C2589: M20 | D2589: irlen_17638 | E2589: Поступление | F2589: 3 | G2589: =VLOOKUP(D2589,Товары!A:I,3,0) -> Комод Аква 35 напольный 1 дверь белый правый | H2589: =VLOOKUP(D2589,Товары!A:I,6,0) -> 90 | I2589: =VLOOKUP(C2589,Магазины!A:C,3,0) -> Ставрополь | J2589: =VLOOKUP(D2589,Товары!A:I,4,0) -> 6705 | K2589: =J2589*F2589 -> 20115
A2590: 2589 | B2590: 45755 | C2590: M16 | D2590: irlen_170322 | E2590: Поступление | F2590: 3 | G2590: =VLOOKUP(D2590,Товары!A:I,3,0) -> Тумба с раковиной навес. Кристалл 800 шато азур 2 ящика с умыв. Комфорт | H2590: =VLOOKUP(D2590,Товары!A:I,6,0) -> 55 | I2590: =VLOOKUP(C2590,Магазины!A:C,3,0) -> Оренбург | J2590: =VLOOKUP(D2590,Товары!A:I,4,0) -> 25080 | K2590: =J2590*F2590 -> 75240
A2591: 2590 | B2591: 45748 | C2591: M17 | D2591: irlen_170270 | E2591: Поступление | F2591: 1 | G2591: =VLOOKUP(D2591,Товары!A:I,3,0) -> Пенал навес./напол. Альба 350 суфле 2 двери | H2591: =VLOOKUP(D2591,Товары!A:I,6,0) -> 150 | I2591: =VLOOKUP(C2591,Магазины!A:C,3,0) -> Ставрополь | J2591: =VLOOKUP(D2591,Товары!A:I,4,0) -> 11655 | K2591: =J2591*F2591 -> 11655
A2592: 2591 | B2592: 45748 | C2592: M11 | D2592: irlen_170017 | E2592: Продажа | F2592: 3 | G2592: =VLOOKUP(D2592,Товары!A:I,3,0) -> Тумба с раковиной навес. Кристалл 700 шато азур 2 ящика с умыв. Слим | H2592: =VLOOKUP(D2592,Товары!A:I,6,0) -> 60 | I2592: =VLOOKUP(C2592,Магазины!A:C,3,0) -> Набережные Челны | J2592: =VLOOKUP(D2592,Товары!A:I,4,0) -> 24150 | K2592: =J2592*F2592 -> 72450
A2593: 2592 | B2593: 45755 | C2593: M9 | D2593: irlen_170332 | E2593: Поступление | F2593: 3 | G2593: =VLOOKUP(D2593,Товары!A:I,3,0) -> Тумба с раковиной навес. Альба 700 антрацит 1 ящик с умыв. Слим | H2593: =VLOOKUP(D2593,Товары!A:I,6,0) -> 45 | I2593: =VLOOKUP(C2593,Магазины!A:C,3,0) -> Кемерово | J2593: =VLOOKUP(D2593,Товары!A:I,4,0) -> 20130 | K2593: =J2593*F2593 -> 60390
... A7701: 7700 | B7701: 45753 | C7701: M21 | D7701: irlen_170259 | E7701: Продажа | F7701: 1 | G7701: =VLOOKUP(D7701,Товары!A:I,3,0) -> Пенал навес./напол. Альба 350 мята 2 двери | H7701: =VLOOKUP(D7701,Товары!A:I,6,0) -> 150 | I7701: =VLOOKUP(C7701,Магазины!A:C,3,0) -> Ставрополь | J7701: =VLOOKUP(D7701,Товары!A:I,4,0) -> 11655 | K7701: =J7701*F7701 -> 11655

Sheet Товары
A1: Артикул | B1: Категория | C1: Наименование | D1: Цена | E1: Цвет | F1: Высота | G1: Ширина | H1: Глубина | I1: Монтаж
A2: irlen_139796 | B2: Тумбы с раковиной | C2: Тумба с раковиной напол. Нева 600 белый 2 двери + 1 ящик с умыв. Como | D2: 13470 | E2: белый | F2: 80 | G2: 60 | H2: 45 | I2: напольный
A3: irlen_140342 | B3: Тумбы с раковиной | C3: Тумба с раковиной напол. Аква 560 белый 2 двери с умыв. Уют | D3: 9330 | E3: белый | F3: 85 | G3: 55 | H3: 45 | I3: напольный
A4: irlen_141542 | B4: Зеркала, шкафы зеркальные | C4: Зеркало Нева 60 дуб/белый со светильником | D4: 5100 | E4: зеркало | F4: 80 | G4: 60 | H4: 15 | I4: подвесной
A5: irlen_14706 | B5: Шкафы, пеналы, комоды | C5: Пенал напол. Аква 350 белый 2 двери + 2 ящика | D5: 10650 | E5: белый | F5: 190 | G5: 35 | H5: 32.6 | I5: напольный
A6: irlen_15474 | B6: Шкафы, пеналы, комоды | C6: Пенал напол. Аква 450 белый 2 двери + 2 ящика + корзина | D6: 13335 | E6: белый | F6: 190 | G6: 45 | H6: 32.6 | I6: напольный
A7: irlen_160554 | B7: Зеркала, шкафы зеркальные | C7: Зеркальный шкаф Рица 60 со светильником правый цвет cерый/керамика | D7: 8910 | E7: cерый/керамика | F7: 75 | G7: 60 | H7: 16 | I7: подвесной
A8: irlen_160556 | B8: Шкафы, пеналы, комоды | C8: Пенал навес./напол. Рица 350 cерый/керамика 2 двери | D8: 11250 | E8: cерый/керамика | F8: 160 | G8: 35 | H8: 32.6 | I8: универсальный
A9: irlen_160608 | B9: Зеркала, шкафы зеркальные | C9: Зеркальный шкаф Рица 80 со светильником правый цвет cерый/керамика | D9: 9930 | E9: cерый/керамика | F9: 75 | G9: 80 | H9: 16 | I9: подвесной
A10: irlen_160612 | B10: Шкафы, пеналы, комоды | C10: Пенал напол. Кристалл 350 суфле 2 двери | D10: 15810 | E10: суфле | F10: 190 | G10: 35 | H10: 32.6 | I10: напольный
A11: irlen_160806 | B11: Тумбы с раковиной | C11: Тумба с раковиной напол. Леон Риф 700 солярис/белый риф 2 ящика с умыв. Слим | D11: 26460 | E11: солярис/белый риф | F11: 85 | G11: 70 | H11: 45.8 | I11: напольный
A12: irlen_160811 | B12: Тумбы с раковиной | C12: Тумба с раковиной напол. Леон 700 оникс 2 ящика с умыв. Слим | D12: 28380 | E12: оникс | F12: 80 | G12: 70 | H12: 45 | I12: напольный
A13: irlen_160813 | B13: Тумбы с раковиной | C13: Тумба с раковиной напол. Леон 600 оникс 2 ящика с умыв. Слим | D13: 25860 | E13: оникс | F13: 80 | G13: 60 | H13: 45 | I13: напольный
... A102: irlen_17638 | B102: Шкафы, пеналы, комоды | C102: Комод Аква 35 напольный 1 дверь белый правый | D102: 6705 | E102: белый | F102: 90 | G102: 35 | H102: 37 | I102: напольный

Sheet Магазины
A1: ID | B1: Название | C1: Город
A2: M1 | B2: Водолей | C2: Оренбург
A3: M2 | B3: АкваМастер | C3: Ставрополь
A4: M3 | B4: Золотой Кран | C4: Набережные Челны
A5: M4 | B5: СантехПлюс | C5: Ставрополь
A6: M5 | B6: Душ&Ванна | C6: Кемерово
A7: M6 | B7: АкваСфера | C7: Набережные Челны
A8: M7 | B8: Кран-Маркет | C8: Оренбург
A9: M8 | B9: Водоград | C9: Оренбург
A10: M9 | B10: СантехПрофи | C10: Кемерово
A11: M10 | B11: АкваКомфорт | C11: Набережные Челны
A12: M11 | B12: Золотой Шланг | C12: Набережные Челны
... A24: M23 | B24: Кран-Шоп | C24: Оренбург
